quizzes,solutions
000900834005706000981403750090610000064530179137040600072100560610300020050062017,0
530006900070500084000200070000009060406008700059100400000000040305000190000900000,0
000600900918020500002009000200035010080000000073942000007491650000500048000200007,0
000870010018040700702001000000000097009007000000000600091005000005000970020910000,0
000090300000002000504070010013900856850761000006000791080419000960507284040000000,0
007905008400008190800032600370200086900670000640500070090057004534000710008100005,0
500060002607910348100030060800070020062080790000094000016300204050800170278140630,0
000423700503786219000901003800000300062038107001049658078190036304060070006305402,0
890420675206951400005780120307200568624030907000007034002090056009075842503062791,0
543000910109423007607000040000530791095610423030240856006075280304060079008100630,0
026000000040007100901000005000835000008000034107900000003268090010000842872400050,0
020005003009342000540008009700904568000060200400800907010007840208010356054286091,0
206950000035000090090000706624508100300000000950000302000002000080000063060000428,0
300867000026010804901030700107490600000380079508006000870040500453028917010050028,0
054700000000400000000000000009010000206530009000000000430800900000300020820004003,0
760951040054700912908020007500010420200008000170049856405862070007094600600370280,0
043600201000020000600100000005006000400000000000902080000573420070490060304008900,0
018420706762051004000700091070009005009617040200530109430802917020100000091005020,0
891002067000078000270100040604000090000000400310020006040280109780409635109500004,0
040008009720195400000340000000053010030900008098700200000400356003200791019000842,0
080000056000019000543807201462300000895076002700002680200040560910753000354000910,0
918200507350006010760591340103400856589167403240050700800004605691705000030682170,0
089430650000760092600015430460503000005671040701290086350806000078040300016057020,0
276000804890420050035706291020508000010240005908007040082104063503062900060305028,0
000060902000000000080430507001290006895070003002503700200100600300026000900050280,0
054000019000150003008320765103040650589700024046035197000070402007491536035208970,0
206005348430768910090032067300004000604580700008001023543020000782149035169057084,0
008043000504870900600000008013000006800007000000350001961030200000010000045002179,0
030000291090300050006100800024850009017004005008060300109530420503000000780009060,0
000000000000060029200905003950601004000000000000204500100350000702000000003000001,0
800003756035700291270951034024530009307040605900610042000094500500000017100000008,0
760019000000000050354060092046385900100092506009006040435020019690050804820941360,0
035006000800240600070090030007409580900067243620058000060030824003600019082010365,0
007000003000042005003678129300024500985000004642800900500086000000000800708000000,0
670091800000000001000003006059007302406050070710000605000000400080014003300000907,0
005800001720590080001200570090167000064350019100029000802010650610000248450600000,0
700051000300086000008000000000007030040508010170009060091070842035002001020000300,0
070001000530700129108423605809607204400030007710209008960375842287190356305002790,0
006500080405807901891234076007492005908076400620380709160003000780901000500008107,0
405780020800023600070001403600530000950600030000249000782090000009075840500002091,0
453000000260105430010340057085700200602050971371924086534200710190507004720410360,0
260000040800204007000060902042300001301492000900006403090750284034628000028001635,0
403080010060150008009024007642800000301002800900700000004000000000070000028401605,0
009020765020050003500700210001200650800007000060000000000004030350860901016000400,0
070000000001000760400000009000300100900060000000420600080000000069005402500080900,0
035806000276000080000200675908060034600050010010420068000002700700000356109005800,0
000901480403780029809423075301249000980017230040530010004060701000190056096370840,0
001023070005086120726051000004530907508600204107240008800004300453000791000370840,0
918432657000008092762005408080070240100290580246580071600307020800140060005026719,0
030000000190030000070509000050070000000305070000000080060053008000000503040008010,0
600005040530678209108300005026053090703020608050061000007019500961537080045080901,0
100000000003800009007000080090067200060308900030009000070000056050080090906030000,0
000590800900203000000000000060300000007400000000007300870000000050000970010035082,0
019200000260000040000006010001009600600000000080000000100000400530000001008004030,0
980000500040708020006900080090600402264003000137204005600300200070000003453826007,0
070000000091420075000006100310200508020538007058000000543862700082104306069305002,0
040008090080030050607910834800600002402503079730090680054800900000357400000000000,0
000000000007090000800040050642000900080760043000020000500086010000000804008410000,0
006500348800000507400076900620058701000000423010420806782014035169700204003000079,0
050800001060500000008000500000050000073000000089160000090005000030000100007900050,0
080030576543867900607019004462385009030002065005106002006003240078001050004000100,0
403000001000190030010000000600000009001000000000700000728000560000007008500086007,0
009340507000005040003008900001020000000701023000850701100507004500000109008000030,0
007509400040007120109000605701490560062380010895176030006053842270000306354628090,0
908043507304806900000501348040308790070409856080007420035680179020904600601705284,0
006005438090340050430070192604800071010904580950060203000200019000037020782019000,0
980000507045078900006005340598000003130020806064050700800409035053000079000500200,0
200000080001300600430608000000000017300904060000761204000000042002009050500000790,0
305708200901402756000010800004003079000000002007204000802149500619050408003806900,0
891230070035807129200019480600005900008106000010400060700941006540600000100000000,0
000070290009002000267190834000001042301000600600850070028400003000080007196530408,0
207090040003000010009000705985100000000429008602308000106000002028914006500082071,0
000004607500867000000500430402000000805076200000000006354000000000000060906000800,0
000000834980230006345000001060005100007092000000100000600050000070000060050620910,0
109003705003006000000050043000200008000600000060000007354002001010000080208100506,0
062150030900020007300680000080706243000000971103900006601570020035260009020491305,0
500700102072005030000030057000000500000000070059071200000806000900007004000049000,0
035086000891403756276001034950610300317249005024008179009075028540800017080094560,0
053000219800320705267100043080000000602830100370040658700000500096003402500200970,0
000105000004070000010040007080701243200000901173004080820009060691537000000000000,0
006009003345067020080204670598170200260000000107000560019000040050620791870940350,0
000050003005087200000000060064830097100002600590000020619000082800490530000008070,0
400678291070005830091342706020003000900761040307020005043086917160000020080410563,0
000203005450806020200000003001000000042050000900107030500680701190005040028904000,0
070050040890020000035006200007040608000000020000508000000000400082090030000002070,0
300870020060090083010203605200000910580100230003409068800000000091005000000080091,0
005000200200050000090423005600030000000049050008617024503060001700194006000370080,0
054000000060000080000000605000402000089070034006380007400600090691700002000941300,0
901234000045860000000519483008006034137400008004080900053028001009700800800900056,0
000000109600005080180002075805001200030000008000083000300000700008149000006007000,0
000020067530080902072100040850016423713900800020835000061000000287490035000268100,0
206100080001000076000080000000000000620030709007000060700400000000000190160500208,0
109003060000000003003000000000300000805000024700000000000035002004082970008900000,0
000004000060019048004007000040005700009000400003400050000941030690003280435608100,0
000000607062050000000006190580017240000000506240038900800104305000002000600005024,0
000001800091243005005006009020300190008167000010000008000682071000005082700900506,0
543078010600005308109042567731904800895061000000850791278410000900507280354286109,0
100000005000600010002000843400835100000000000000000008080400030900503480000000070,0
981042006026190384040678900598700032130920865204853019609000240053200100070400050,0
003000129000320000267050400005716030602005010001000000530008701000000306106073000,0
890020650000080100200000000604800900000710040000902080100573820543008700000001300,0
053600902000004000260100048042800001980706400000040856028400000190073284030260179,0
700000803050006200008020760000008000070000000000007004005060071000000036001370400,0
354076200910203700762500004006000000000420080000067040601000008005000017000900500,0
001403750030700291070000030004530179050000040300209685000862900100375008782090560,0
206090008400678102091302057958761040020000971000024086082400065169007824043086010,0
400708120000030670207005483640503917080670204000200000096357842028100006004826000,0
005608200076190043091002065950061300007004050024850190160507482702019530503086071,0
030807009091204005076000043317490008020080090058006324069750080082940030003600971,0
006905008001030060305768912200580701008600023000000000000826170802000635019050004,0
819030060200910048053008000001004056002080090085001403000350000000820000020000600,0
040070000007000408009200650895160040462300070000009500350680710078914300906705024,0
080030050005068090700015000200580070090000002100000005072040060019057008053806000,0
430706912890423560006951040958010023624508000007040856009070004540062009002094005,0
000680900072000000190000000000030790003000850000000003080000600001500280000060100,0
670150030198324007004600090426830971809706000013900580045268009007091360960503820,0
027190000009002607043670192005760243030904586460000071050006719000507824000419000,0
534000910070000000000003560010000050020008701000000023001300280300062000007190000,0
620001380089020070043080900701209800060008010800617402906070240050000100078190050,0
002150403108004605034087100006030917850000234000940000061070842040260791207400056,0
081200070300800900706001000130400065098007402064008700000602000619730008002010603,0
000003075030000100070090000000000000000350007809060000045000001001035842207010000,0
000002657200000038000600090000920006040000970005001000004000710020010000090530000,0
602000340198324567530080912013902006020805700000016423305260009280400605961570080,0
350076190760591408000240650003400086080167243046308000827904365030080019691005804,0
304070010000000007000091000009007020073420800200058000400000109027000600090705004,0
000806219000040060000001000370409008900007300002000000500002071000904030000035082,0
801000500006591048400870902300020056020358790000100003000010600003682070009000204,0
080300500020009084040007021031040000062030000800010002050060007910070008208001003,0
000004675762000003000687029040830017089710200173042508091003042400260701020400000,0
200000000809000005000000120000700034642000000371000000034080090700009306196030000,0
405600129801040000000000003317920508004800007908700204040200701080009356060000802,0
050600000009000700007100003301000000642000090900701320530086970728010006090030000,0
008004650054067100060500408073090500580006203240080971000053824027000365400008010,0
002519384918234506304060920046385010000106002170490865090703040007901053405000197,0
200009030050860000000030700080070000040085100370400085100003000000041000030600000,0
890200600200500000430800120020305000007090000950100034069750840700001050000028000,0
000067090000010008000234000080000200371402000002385000504028000190000020720940060,0
000000507405007902200500008620000791900006423317402000100703080002941605003028009,0
450760002800032000207005008071200006980071000000080000000000000100307000000800070,0
200010003800030605405008000958070034020500917000000008000800000082049350100000800,0
304008001000090830000042706070004085009000340006003170430200007007400500601030028,0
500700210189420705000000803895017304001009058000000100050000971006070000008004030,0
340608109081342675700105000260050010508060200030000000450000791802010350619037842,0
706100080340070000980040005000004008000700000260000000000007000872009000000000700,0
080040705706000803340800209130009650060350100598067024872900506600035080400080900,0
000010843000000200010000000200500000080000004173000058001000000000000000435020001,0
091003500000706001006051004010209860024530000008007400009075240040800000080004603,0
000042067350008912762000308240003001003024006500061003690537004007410000000080100,0
980030000300000090700519000500100042004305000100000080610753020000628007870000003,0
004768129000032675600015080426503917000601004710090000287040350900300800300806000,0
270009000000000200090004050600000009008016002300002600500260917009000420000000500,0
620009300189234576543060001090170000400305700000090805070001653006753240054620107,0
000000020800020570007951384000610000070009000000008000020194600000062000100000000,0
000004007400607100000150400010040000950006200600800970503008700069000820700400365,0
000000005004800219600500003850006004000000600400080100000008001961000000080901000,0
435000102001030057276010038900070200604080970307204506009357004043806009000100060,0
000000000453007200007050000000030000070942680000000042504200907700091000090003000,0
081400000045700002026950040100009850598600003204530790000190630000370280450802109,0
198000700000005843000078210000000300700900008000050107901000482000000500000200971,0
000430000030008100600905480000200008406080000050000030040020090200009056000000800,0
091002600000905400005700029007200000000670000000000017000000800500820700002140000,0
080204000020500030500860000030490680002300109895076000054008007270000560000700008,0
602010300500800901090000500003092860859176000426085009305628090960000008007040053,0
019430056200010834053060201070204605602080170085001300504806017008040503106050020,0
900240000304876091702501030006358009009060042173429005035000907600700420000000000,0
607901048003706002100020060095010023062538701031240850200004630004862109910070004,0
400000000091032000200910034000290005000080009000670002500000917702040560000050420,0
600005843108000765500700009000583197010094650000070020000109500060000400045020900,0
700910084350760900900400076080600402246083009070294865007049650035806100601307248,0
076159308000320000035080910950716023004805701300040856009070084082001600003208109,0
198243067004870912000091008850067400026350091713029856961730280000000009280900605,0
090300000000190030430000000050000003000800000017920006000000820000019300040000009,0
000032500030000000200005348010200806000580000000000000500806000100307004000000005,0
004700102000900430008002050500001200070200580006580001600050004000000009007100065,0
305008000001040000006090000100000000000061000260853001450006000609500800800000300,0
206050000890304000435687902000800091050006003310040850003008179780090635100000284,0
004060000000402760072900040400080000050601020010000050000000000200140006040800971,0
300870001000090030000240006000029080000300079509067002000705400000682900000014503,0
809032075450008009060910083905671204301200008640583917028109006096307042534820090,0
276910308400000002091400500958000023000000700307094806080049635169350280003020009,0
189004000040007910000500000000300090000100000001400000906000284008900000350600100,0
720000800901000750045007090007000680090010040000005079070491060000000420000000017,0
100042000000008000000090300000003700010020805000760030000010050005200090000007000,0
000051008003786002810020060000607003370249800042008000096075080504802009700094635,0
006900080000008000000402005004580010008000030300290068000100000000806090000000800,0
300007009981004005026050000200005097000010000030942000450208900610000482870001030,0
062015040054708009010000705200500197009070024170290658005006970020009030000000080,0
504070100098042070072100480850061200000024560406803000901530840000400056300086700,0
000000007000009030400067000080000003301000086600005000004020010006000004020900005,0
009000056503086200027000834002030079730000685000607040350802000008004063000370028,0
900004065304600210760009043006800190103000058589016320600503402800090006030000970,0
081003765006591000040806210137429658204350090598060320870914506600005482053002001,0
910203750000006001060090030080060302100020600246050100807914063090005000030602010,0
050070902809002067200000348980700400602003000301020000106537084504080100000010035,0
050000000010000065000900003070009050000500090900007004028000536196300082000060071,0
305006912080020567000900308264530790590017423030209850010305284453860100870000635,0
026005800081300000045008000090000000100000600064800009000000003600000408003006000,0
006095000000600000080000005500061020060803100007020008800009006053280900000000080,0
180003675043700120020051403460538000000000568805600034350800700910000040078100350,0
800000607270095030435678002900700200310920500604853000700409060043000009160537020,0
034000200672501003008003005010000058009000320006000007900000080005000000000900000,0
040000200100002050007005004001020005090000000002000100910500400008410003000000000,0
900000056000590004004070000080107042000050070070009680691730000000600000000000000,0
053067001067009034000204006301490000040085179005076000100700028030620010028040003,0
018403670354700009062001080103240560080007230006538007400860000827100050090070800,0
000050080503700900080400070000000700701040860090600402300062100270090000900005200,0
000900040304706200000003065100249050200538100009007020090000400800004530000060071,0
053067002060510040009030000600085001080070000000092856020000605000003000530620100,0
000159843300080000908300065000805107170042058080716024005008971000000536601000402,0
005000900000402070000000004090600032200003000007090065000000208403820007872000600,0
400700029000000003000030000000600000024003907310000000060000000002140350503000000,0
010340600000600000062000480240803000000000204000020068000500002000000056030206700,0
010430000300068000702010000003094580040083000089600200690000800000100000000800010,0
530000020000203000670000000000000719850160432700409800087000650305002107900000000,0
000000000000010840089000000000106300060080000701090058000001030906700402050000000,0
450876921207090384809000006000400000900067430002300719106005048008004603000080107,0
000900400000003075005700009008017030064008007130000000050060701002004300009075800,0
900040005720000003300600209000904050200000007598001320600500080053286070002409000,0
072019800198030705534000019800176320006380097003492658040000000200940536900053080,0
076019034005800091801230006600305100958076002307490080169050400780941500000628917,0
890002000070000000000060902024080000000090806000071000080000035500026000060000000,0
072150000100020057530087192420030970809716043713942000287090005000060019061573824,0
276510483001204000400060100050100204307002500600380010043600700700941000100753000,0
003800209189004760600009843001400050000170304400385107304620070070940036900700000,0
900200560300000900002010300589106000073092050246085000800901600005000009600003004,0
040867209720019040980030005130490050500000020204085107000901506000050482050608070,0
000010000090230705000007000003400008800100020000080100080000000000000402340020001,0
180034050500060090027009400460385970800106240701400580000001305350028710900050004,0
010400000054008000002900040589600000003000608206580000807009030000800071090057402,0
543706019080403765627901043730000000062538190005017304050002970900305400008104530,0
027900000100000000000706901000500710000007400000000860004860007000090000906305008,0
004806910070501008108203067710000050426058790050000003961735080280910600000600000,0
276591438890240657435006190024000070317009086900107003040680019160705000082014300,0
000095403008302605030678000426853910800060004710000008305200791900530042280009000,0
098043560034800002072501300059067023026358091003009000305000109901030084200010000,0
453008910267195348810042500642053701070920850985060020100537084530280009708000005,0
018042650700190430300078192000904006509000043206803071430286010090530024807409300,0
430060001070915000001002500000580019000094800008001002782040600100000208003800107,0
000300007403000002200000000600000001071000000000001003000009600100037204030080100,0
198324600504600120600100403700040060009710000406000907000268091060570042287491356,0
010020076702951304054780020000040005500010030206030010091075008000090600005802000,0
008003000670091000004806209400050000700409000059100000000000000900700000287910530,0
405076021891203576000001084620058709000167432017000865780900053109035048540600197,0
900300070726050384005680900000000000030940860060830700000260107000000240800090000,0
000150000000000500540607021800706400400835009701900860208400653000260090910073040,0
000159030045007291000304750204835179090010342007002680609570408050200907872401060,0
000050000000000000800000705604805000000706300007900000060570400782000500000200001,0
981000705706905003305068219598070320000000608064003090600057000000806901002140006,0
000001034009000000003000000005017302060000009730000005016070000078004000300000017,0
180002570020095380003078900890060002700024060062050019906030008008410000000080090,0
003768010627900008009000067062500791731200056000071420300026109916000284200109635,0
076500308435867002801230500908176023604085791307000056500028070700041630160753084,0
503800129600519000080030605000085900701402000095070234006750842270041356054000700,0
726109400345680129980000075598010200037902000060035917802490356610003842403208090,0
000780000189020700020000000000240680800010300000000000000005008078100503350000900,0
435007209090204060200019800600085090017490058058070324000028970002001506169750080,0
080432765003700009627905840800071024031204058462080197000820901278100030016050402,0
670900483090000070034080109000240000809010234426500007061300042207000000345000701,0
500806000090000000670501800700020608000008197800167324040602000000904536960005480,0
340680002980000567006150040064005700107942056008006003619570200400268179072490630,0
000090034005600000890000750004000009050001300300024080000080000060000400082010000,0
504000002190034000672019400713492580000170243406305001960050804000608000000041300,0
270000000890402675000000129908671030000003007017290508100050002000109350000806090,0
020000834340000200080000006500100302100020685000050179000700008000682000070000000,0
019423650007001000453086090900600003071240006600508970700094065534802019000300024,0
006000400340006029000000000200008010000007000000409500610030042453002001000000350,0
005060002801000567000000308317000850620080091000000423000300204000149600003020100,0
000003600076001438400806192604008970000409500900100000040000700002000060160000800,0
000000030000200000040006102400000000805067040030000000900030800008910065004000000,0
350008090762005438010340007003904580509760040246850971000037820807019065035080719,0
700091030005870000000243050107009580008000000064058070070014305000080709000000000,0
090004600000010408004800100400300901013000000009000203200900060000000010001700004,0
000105003918340060000000009089760304000853090003000650091537080035086070020000536,0
109234600000860100000509003700090008000006230460000910910053040000600000200000050,0
435780291000420750076001030310200605620538100050610340000802007069005400002190503,0
000024670000000400000080000007902000604800010050706000040260000160573802080090000,0
602195004504678921190342506000020865800761000420050000901037000207410653300200107,0
090000750000008000672005000006000179003904080009000040087000000060507400000000010,0
350000000000910030910032000003094005000503100009600042807049003030026910091057420,0
089300756540087090620109800062035070001900080090710042008491060016570020300068010,0
200109804000004000000000001900706342000800079370940680100000428500268000000001503,0
305006001980403070020901000000010402000000710130200805619305208872194650000860090,0
000023005270050800035080209000000304004038007000209008082094000000000080003060971,0
076009400891024600005080109300000068058710030620800000060070042702001300003060001,0
189320706003600201627109034062830079895706040030000600010003420270400003004000907,0
908324567354687002062000340009706020000000856200005001091570080007400635435208009,0
076009083800004070030680009900010234604835000307042060003000091000000002000091056,0
000300560762095008304000002200053000580701403170004806690537284827009035400006170,0
809302005000000040400670000301024000000800100005700324030206071190530482000009536,0
762900400350706192900000657089010243040000970000249086800194065691300820435062019,0
034087012002100308090000560426000700000042800000700423080000035061503004000000100,0
345760920006905384080032570007094865000080719598671032872009650403006090010050000,0
300860109026019480901204005000305900100402568090076200003008700000050000002041056,0
008000000054768090060010834246080100500071000003200685827100000400820000091357020,0
035000000076905000000032070004000000000001004007094000100007040500820001080000006,0
007000000109003065543780210000249058090000024002538000006075400350862970200090506,0
700010840000004760004867010089170000003092658000000007820000036600050000405608000,0
700090400080003607345876002264008971100420586508167243610730804403680700070914060,0
000302000045670219026190803000004050590700300004803190002010500400200000010507002,0
098020075004006020002001083003009500400000007809617230060305840200100350300062791,0
700005483901340600305608129007024500004850917098701004870419056609537800003006701,0
000000000726000000305000100130024000000050970000761200000286710000507824872400000,0
003060020060900384000030000000094060900001432040500700000009000000057200000000100,0
005006090070901834800420000307000080620038070958607340503060007702090500100300420,0
000706209089403765600900800700200600402000007805010304300002971010375082270100536,0
000008200901300000726090800100904080000000000000850009000530408450200910000419000,0
034007009098000070000010480800000034703000000420380910280001000960003842340600000,0
600010040009430000000060210000000000000580097000200608000049506000007082354020000,0
890000005030000029206000403000503000000670200010004560700000300503020001069000002,0
090040050072005800504608291000004005859700302000800009305006907001530428080000500,0
000059400019000000000007000301042560005010000042000007006070802008000000030200000,0
198003006072951384500786020000617432000249860420538719900075008000060090087104650,0
000004050000050000004007290580710000000000080040000000000070400405000007020401060,0
040807291000034056000509034264305070030092605508076042403608007610753400000041060,0
002510840000030000000060000000402000500100300000300190000001006091700080000008000,0
018302070760000080304670000240850917009761200000004008007019000001030842430080701,0
000000000004008020198002506850001432020000019713904065061007008345086000087419603,0
003086010200951840810020060070049658040000007985007300090300000720000006030802970,0
070501480090000000005876029000029000020058010000000030060700800043000000780914300,0
026059340000004567045007902090000423200830000007000856453260179600573200002401605,0
000000050530760090672000008026500071003200080809600203000040365900357804345006009,0
007900000800400000000060009080670320070094000040003190000826970006007000008009506,0
000005000918000070000760009003094500500670204040503007000040356000000042000800000,0
000000000027000408000000000095100000001000080000050001900005800278010305000602000,0
900040076005078901720190000030020805260853719008761432403086107009037208872400653,0
810403000267901308003786010080017020040500790301000006504862179196005080728190600,0
200519080005067009801204000600005917000402568000176030702940000169050840540600000,0
400600291000090004000300000002000000005000040300004085500080010000400060006030008,0
260090000810002070450600109900001204000000000640053010034000700708009356000000002,0
100004006043007201000009000005076002701492080062085179278001000304628000000050008,0
076100003001340765035608210908000304020000197300024600700400006003200071169530480,0
300807000020000000081234607008070000037002500004300070000001365610700000050600710,0
600951834009003050043000001000049005095007042060008009008100063900000000004860010,0
000000600726000400000600092264030901137900000508016040403008009000091005600000020,0
000009300030687001001004500007002060908000032600030700160070248040208100080491000,0
001240605270501480435800109620000000007420000058160200002000056003600001100000840,0
006010834340068091980402706508670002264583179037294000000000910802140063619007408,0
760015304900002576354760000580070402073094005006080009400806190800149603600307208,0
008430067702000000300700910000004006006003091509001420001007200000140000000826009,0
000008000000430005260015000070294000080000000002083000030800000006357000720000006,0
403600090267195008010000650640053000000000040300920086030006010000410300000537004,0
000951040090420000030700000000000000000200056006500000000004030040062079000375000,0
081423570706950004000006021100240065000500010000000030870190000053860000000075008,0
627910004180002006543700000090071430700090060002000019200009050300820100000000000,0
000500048981040000040876900137000000000350000598100000050000009070010630010035080,0
450000020009000005060000080300049000000010000600538010000004050000002000006000002,0
700901080008403570054086020046508009170000065009607030600075040000004053435800190,0
189034065600000043043060019005100300030090600460380107004600900016750400008941506,0
001234000070010008000067190624305901000000043010090580003008010000900300000003004,0
040806000980003000720591840098160004037009650264000107050080900000700002002910036,0
000004750070059030530007091020835000059700040700900680960570008305208010207401063,0
000900004809003506003006900905610000040000709000049060700094003000862000190005000,0
503006210189203000020500040402308197805167024030420008010730082208914536350602071,0
762951040054006000000003705000009008580617004206038197601375080000000001007004536,0
020915008089432650040708092890600240062503000731090086078000300300006010000300820,0
003678090000040700200000800070000600040050000900060302106007028000200917000010000,0
054000109702900003010000070500671234003200008000083007007000356690007842000006090,0
908003050002500400054000000073000586046000900089000040430002710800004060000035004,0
600501000009243650003800100095167043000350071031429500906735000054002700070910000,0
000000060007000040000700002080010003070000800000008000000005280000002079028100600,0
000910084004068920908030506000070402040500710103000805800140600091050208430806197,0
008420600070000008500000100050607243700000580006508071960005800000060709200100065,0
350080912000003507760951048500617000003000006006038701020194035030062009090305200,0
190340657030670100672095008013920080000761040020053070045086019000000060901500004,0
670510400098200007030007102003490580000000970009070200000041000000000004340608010,0
762905400008002050000760000200580070000090506080001240691057804405026710827100065,0
060000004800040000400000900080000032001400000000058019008004003100000240000080000,0
305060201080402050006910000030000605004500070090671000600300008000109000050800000,0
345080001081324500006059380008016002100942060064830009072491003010003040050208097,0
030800200001200700270009804000400000008070040600005070109003400000020900702940063,0
091000067400006010076000300007249050024530001000000000160075004000004035000060079,0
600005403198042600504670000000024000000760030026053907001007842080400050345086791,0
200090000000800000090003060950007000300020050620008701000705004000002000700904000,0
207901840000420005453000219370249608980617000600000197700090500106000080030000070,0
009030075003800120607500480402000000090100000731400508906703002278041300354000091,0
006501048400006012801040007958100400310429800000058000500600179100000080702910635,0
602010003500700019100400065713204050420080007859601300280140530061057402340826071,0
080200657000091008005006102030420500200300901000167203000000000053000019600030000,0
403860200207010003810030700085170000640305097070002000708040506000703080004600071,0
030806100672001000008000607400050001859167200010409080280014365900705820040002710,0
010003605207900400453006020640030007070009060085610034034060791700100356096370800,0
901000500720591040300076002590167403130400856260058700453002000610730204800904630,0
003000900207109380809000000001940800042805700000016030020000003530200197090573200,0
009320060267059300053000000070902856905010003600800091190000280708490030530208070,0
672100084190004006500687920006800000713042805850716400961570040305268190000090050,0
810423000000900000400000900042500701000040800000600020106005004534060079728190030,0
062090308000600912010300007009000000200003700000020006000030080007019030005006079,0
067095080003608900809002506000003000371000060000701402000000000006537000034000190,0
045080021006000000000004000000000000000035710107000005009070000070000000450068007,0
627090380003008921100000076001000060062000000090060002016507248078410003350080197,0
010000600000509083050807009600085907000106000300002000034628790708000300000050040,0
000109400500000090189300000000030070730040086000016003006000804000401360350068700,0
070010034800000006035700000017294000000671042604083009000000907009350028000009500,0
500780001607900830189020006890617302462000179001249685906375400354862000278004060,0
060000040050760019018030760246083000003290608000071300405800000827100530090307480,0
450000021819043500060501084602308019301009860080060430008014000500682100100035248,0
005008091901000056700005000500000000000020080060853100600000400000006907802000060,0
900042657005070192006005038500060040100024580004850071453006019610530020072019305,0
020950000305700090000000007130240580500010040200530000400802700000004000600300800,0
530006291072000030090403000000038100700209000800010000200090500300860000000005400,0
004006290008200006700000000000358100000060300100409680005000010000000000800004060,0
540070900000000008089000000402003000031024800095061420906000080000009635054286070,0
109000076540000000027000004000000400002008009701000805000090003000000008304060000,0
081030000300000020006910000008070000204003000007000005053006007002000650009000200,0
819000000200901048400086910080610020000038791300240806190375284708190600534060179,0
000070120809243670200091003000107200070009008600308900006700002000904050504002000,0
005000002070000008090000607950007043624308970300400000000730800780014360000600000,0
670001048534780010090003500850000003426538091700249000061305280280100030005802109,0
500786902602051348008020067010200000009600000406538090207090600901075204040800179,0
108324570004687901002059300800016432013042000420030009345068090207001003900070240,0
607000803180042700500070200001020008000060024002850090000400506354000070906000400,0
026050080001423506045000920598607032130240805204008010400802100619305240002104003,0
043800900027510040009000500031000800090006020000000001000040000010050200304028070,0
270000000030060000090430006050071030020500000000000800082040053043026100000007000,0
003678910627190040089042560400003701800760003000024006008019635000206079016007004,0
006000300000000076030706001000010000000000710000000060040060000000094003000305248,0
702000300908400506304000021040500000080007400173000860005062097090000040827100000,0
607090080109042076040078021462803700700004860800760002054286197200009050016500048,0
072000008530608010008000507020003091703920050800760000345286009007009005901030000,0
080300000500000000027100000001040085005016302402800100050008010000001000910000000,0
435687921076000384001024000000830019950010400000902005782401053000068007109503200,0
891342607430608000276105008317024586958761200604803971543000700002400300060030020,0
809240600000000400000800102071009000000100003002350901000904000004002000000000020,0
080034006007000380000800900730400805000000700005000430000000003000000190000000008,0
762009408910004057300687102100042080046800971080700243820491305035260000000570824,0
000591083109043675503876009460308907005067030701400568916705802008914306000682001,0
050706902760901040018000500509600023046538701170049000000075204000004035430000109,0
400000020206100003090300000900706004307940560004830900043060701080401006109000002,0
000000040800003000000806200002000090000107304071029050090000402034680001000004000,0
500680219672009840190020000800006304000005007710902600087000500305068900960573402,0
000019030000230657500860192031402000402000971805006200016000800208001005354620010,0
534670912190042507670190048050001423710024000406003090060530204345206170087010605,0
200000080035000100800430600908000004000000068004083007160000002000000000702109050,0
530670100190300075602100403426800907059061200010924060000000842300000701000410306,0
700010800300007200901204706264380100508100040137000600072900503000000900000753028,0
540070002109000000007105308402053701800001000001904850000006070078410600006037004,0
080200500305000900020591348030029856500000423264350791453600000610705284870914635,0
762105000304008900008342500580000000170904800046003090001007084827000030035080000,0
090204700002500830500007001013000085000006300400000100000600900001750400007000560,0
260500080809004075053860100980006004071090508642300007106000842534000090708001050,0
034007019008304060002150843420030197809700300003940658007491036340000901901000000,0
090432070070900300435708000310294060900671430000583010543026000160050240000000653,0
702095308018342060050600912080761003000853700000924850601500004035200079007019635,0
000010800003000200080034756090100000000090080000300009000700000008000500000628000,0
002001003008203000500000219406050007000100000010000008007910536345602070960000000,0
019023007060000008053006902980010420040530001300040056106305004700194030004862170,0
354068920060905004010402076100000060509000030206583700600357208435800090020140603,0
004080002000951000008003000000610400000030000003049050045802070000000630001005200,0
000300007030080902206000040004005700010040806958716000000500204000060170082400000,0
700000000350000001008000706070000600080000340200050000000014060091705000000600000,0
190030750672910800500068000710290605020003070000001340287100560961300408340026907,0
260900843819032765403008009301090058642500100985071304720049030500820900196307400,0
100020065002001040504786019059010320400500190000209600200094536960375482005000000,0
267519304010204570003000021900000030000005710300400005008940003530628000090053000,0
000007001700009000918204000009006000000000005040300019007000650005028100601050048,0
030000921000004500200019300050100000307002000624000000700001000100050000500020000,0
000019000080200000340007021000000030030402805000300700000000000010003240000000007,0
062000300000008020000430070580600032170200805000080700090350000800000050030006000,0
020900000500080200100420065002508100800600000730200050906070080078004000000860900,0
000005008981040000000600000060003701137924006500000420070409000610500200050006079,0
091020000270900080400700020300009000958600004620000000503060001009005800000000000,0
540008920009002500020195384030904000000760000062850000004080100000507040078410600,0
053076902067000340819000060002308000070009856080067400008000600090030204500602100,0
098423607002001438030086002050610200000249580006500000061375800200100065340000010,0
008203007000090000004000190003400500400008000050000200000000700000000000960735000,0
700000400350786100000400050006038001509010200170049500020000300090305020030002009,0
008304056072000834500007091426835179859010302703942005045060917007091503060573008,0
006005300305000000000002560137004856098701400060050001010000204070019000003000070,0
450000019000050043810003000900000300001000650040008000708094000004800001000005080,0
006000000345060000901402500000000001030000856500000403802109600003000000000300000,0
004800910198204000070010040000300700010090850800100420305000000060750204007940600,0
800230000000800001270010304317002065600080000900006030009053000000008100080000600,0
040070190109240000627090000000007043031420086000050971000900365054002000000005800,0
007000003000000129009000670090100230030000000400008900000030040208000050050000091,0
801000065400608019200090843900761300317020008004803100000400506069530002040080900,0
010043067050800912000001008009167403200058001173429056601030284827904005005602000,0
053060109007910083009032675071294060985601230000083910530020091006007840700149050,0
081003007000070900706091040137400050000300791090160423000900605610035284000680079,0
100000050007000834040000000701002000895000000400005009270400000006500020300208917,0
006009080000000600435867100008100204024380017000492060160000842700000300543620000,0
810000060000009000003007200080100324300000000600080007000053080030620900008040500,0
450060009060019403019200005900100204300490568002385010106703800728041300500028791,0
400086000000000000800020075000000008620030900900600000069000040500000790000100300,0
206005483801300600035600029000004000620800910958760004082010300543286000009500840,0
020009000109000065040600010001000050000006020002830107200000506054200970906003000,0
000300007062190030000000092206050070080060000000904580435080709090007004007000000,0
900300706005678201706095834100920605508761340064853100070409560053206000019530020,0
030068019801432000206905003310294658008071020024503190169300082082100506043800070,0
500000921108403070070051004013040860809610002400030710060070200305860007207004650,0
003068000007010804189402006400503000000000080890670040008100503054026900006350408,0
009004000000607000000000008300900006602800070000016003700400000090070800000000010,0
607000400500876100000203070800160234730420060460050917010700800004000790208010300,0
070950840800403000005080000050607004000008000007049000003800000000000002000000530,0
530080021100324500070100304006830000000900800859016400060570200200091000040208190,0
430076200091040000076501800624008009058100002317020680702004560109700408543080017,0
270900000001000675400700120600003000008671034000290008060057802000000056503006700,0
200000340891204560435860902620305791058076020007090806780041635500600000100753284,0
400007120800004075200019403985176204600380900301400508000703840708001356530028791,0
070000480035760009001000005050600000000200008000003000160057842540000001000009006,0
008302007760095340000008012200850701003024856500060400027400005001507000435000100,0
004000000010002000000100080000700200200850000000904500020010356000507000005086001,0
054780009702950843008400000589607324000249058246000107035800901601370480027094030,0
050000002010420600700001400073209500500000200006508000001005804005002709000100005,0
000000000000706021001400070050600000300049805024500019060000240000062190000190053,0
006000084000076000000240500007400000000107000000308000503000100100030008000900650,0
000800290000000004000000006000092680026000009800106000280000003045020007000000400,0
403007020000200500060510304000092800080070000000085000030008107020900053096003048,0
900030000702915480300008020000000204003000068000080900027000000090350040400000091,0
018342006050070000762090000089701400200800010000000060000007040005206090020419050,0
800203000006001300000070900000100020010029806024008090700004630060005084003600100,0
000000304000003070005700000604038000307200860008610032700104053169000000043000100,0
007095030189342007543000192095060243402053070730004500916500800000000719070419305,0
000076129908240075700501083173429508000000907589167034027000006000680090600035040,0
007010830000030000453008090000503070980071000371200085534026907728040503006350408,0
050600210702159840008000060070000008000835100589006004001000080800090030000260901,0
304000090900042056760195000000053000100004600500000040020019563000200010000507028,0
000006000200001083001003000008100230307409000004050000060035042500000701082004000,0
000900030003008090000032000700000005090000042000080179000000020000140060050000000,0
000320756706000800000080291100902680598706340004805100872091060609000028400260000,0
000005000000070010890040700020050100000700300007900008543086900002009500069030480,0
004060102100402007072000030850000040026000070000000006087100005000007800005806000,0
002000004900000000054070001103000000000000402000850009000019000000530208005080097,0
400768090000915034000032050300094680600080000058001342782149063069000028040000007,0
000000384000600001100042576859700032003920060426803019000007208305000197007410653,0
000032070000700900020005004064080000007294000000601400010300208050000000870040000,0
053060000200009040000004000602300000000090000000076420030000109100703000720900000,0
350000100700000080000030670000170000006300000070090560800940050000000000005008000,0
000010034000204000430000201017402005020080079950170302080940560060703420543620907,0
504807290670509004000200056426085109700002080800076040000753020340028910080000503,0
543600120109320005007050083000016000031000560402805007300260701910503040078000306,0
003600009080300005620190800001000000460050007890060300000286001000037002200010000,0
000302070054078921702000304206803019000920800509000432035080097090007248007409000,0
003600000007000300010000500640030719085000032000902800000000000106000048020000000,0
800000750200001000450700200300200680005617300000500009190005408008100060534862907,0
005780201000020756026901804008010302204538109037000685000104563019075400400862017,0
004806912760090308918003560040058790173409850580007400090030200035082179827900005,0
009430075600005480043700009402000000000004060095070000354800001000100306906350800,0
198000000500000020602015384009000032700204805006080710001007040300020100080000650,0
062901038054000090010000600580000040206000000000040086000860709007004300091070804,0
000900083900400675000000009090000030204000900030000508009050040053006001002000056,0
003000000620900480009430675460000910000000004730294008070040356000006700000050800,0
760901304350780001008003506206008719589610032070009065400060197807090000600370048,0
981403507006001000345700902260038791037200850008000020053062109009375004800100000,0
018200000000000480004060109170402008500006000240000007000941006691700002000008701,0
062019438918200600354000100509076040170492506200305971820041360405000009091700820,0
189423706607951030040080001000600042462038009000209685200100000016300028004062007,0
900300075720000400300600100007020060000701000060850900053000091802400050019500040,0
008200000602090308004070000059007000000400006426008000900000200000080009007004600,0
100000000620150000503687009890700230000005000030000500300060791010570040200400306,0
000708010706910043901432060107090608500070304204003107610000002453826071802149506,0
503870002007501430080043657460350901731020000890060040278904365354002700006705804,0
981020000006000400005000090500006000030002086000035901000073004453060700002400005,0
672015438098032050500700102809601203703094586000003071045826709961007000207140365,0
000320000000080002260050008071040006002035070000706243030008000100573824728000060,0
600059830000024000030087090010902080000800100009006300040000010061500028000491060,0
000002007002000430004070092010920506800000200000000000080009365005006009001037000,0
060005403403000009000300000301000000600003000985700204000409000504080700000030040,0
000700092000005400018030007000000003070000500000000900000007020030806010000009005,0
200910300091402067005000012604003790050070003007000000043006070080049605100000080,0
000000000000000010006000340030000800008007000000358701000082000000735280000000005,0
018324750702159004000080290206800009000716340173902005007400500000008000691003408,0
350067290000204700062009004100492085000070042240380100807041563601003028035608910,0
627910038003700192080400607090001043460083071730204580916307004208009360300826710,0
006510000000860020000204000508000000000000000037000065003000000000050048802001050,0
345700002700915438981002607090671240130290006204500000053000719872000065610307004,0
109200760503070000627090800890167324731409650402058097270900030916005482354002071,0
200050483019324605453087000371040008985016204600805007020400350500000001106000840,0
007059300000607920009320070070000865900700032042000009000000200534068000720091000,0
405600100091304057006159438017040580020805971900006240082401365500268010169503800,0
534608910198342500072100348426053090000020850850000423340080100080419635901530004,0
081030567005860010700500040037402056598076423260380790600753084872901000053008179,0
000500430081040657000006100137000086060300000000000203002910060050680009000700024,0
910403706762051004350700090040538170003049000009610040020104060400000907091300420,0
067591003800243700453000200005167004042350100301420600030680971100035002020910030,0
080023567040006010006001340500607403130049806260000001000060100009000204800094635,0
000700190108000657000900408426000070800001043000004000005006000200000300061300824,0
702019304300067900018034070103400860580070402246380710430008197827040603691050000,0
910000076300000900000005304046503010089601030170004000027140653091007048030020090,0
070095038504678002108342000713900506800701240000000071900530824280019005040206010,0
045670920001000576720105384007024060090060032000003719619030208872419653000000107,0
762090034000678091910040750000924600046053170580761342820409003600530420400006010,0
627000308109243007503006000000007023000009856460000001010000084304002170000004635,0
981340070340600900020190300260003010030924860598761030609530240872009650453206097,0
300706192706950438900023000130049000060508071590000203072194305450802719619300024,0
000015000000032600003708120005600230370090508042000000100300800700049000030000001,0
000780900000951084108420006000049060800607430420030700340062100061005008007000650,0
800002657267000408003678190985760043071020506602800971000086700020019305096037824,0
000591083008043670034876029700420568406000007059107030300000000000914350061000042,0
819040675000006000007000080040058017000029060900060034028914000004000700106000040,0
010000500350700920762051004080617000073209865246530719005802190691370200807000053,0
891234075276009000435007100317000008004380000908176230169000840000628700700901050,0
800320756005007200006150000020835000050706302010000000543000910780401503060500020,0
005000912276001348000043067050107420310009856004050700780014005003680009160735204,0
504060201000234000670010030009006342010090605426380109000620917007040060060050428,0
500800010089003760607590803731029058460058190000160324008900530350680971910005480,0
450008000009000007067015008301000056040000791900071420000000000708140005034800000,0
400680209001300760006000040017040058600035190908710320702491000100000002540260901,0
300806190760591008018243657080067040040350070073020580007004305600735004005680009,0
800040567403800910060091048080100403300400056600300090030602100090000080000004600,0
000500483081230075005860129098176200064380007137000568450628700600750000002040050,0
000000000054076010700500000580007420040000001173020800027914035601705280000682179,0
000000003354700029010032070000000568000500000009001000601007040820140350030006700,0
030000100891004000200000000020085907950176204000002500503628000160050000082000056,0
018420506060951084054786021240038010080610002173049800601375000807000003030000197,0
089003000600000034040000201030400080895000340462350179000735400304082010078010503,0
000002000030600209000105800020853000010004008850060000200400536061030002005200071,0
100000007672050008504087092426830071710000006809006000207491305000503820340268019,0
005000201890043750006000004000000302310400605024300079003680907000000000700000003,0
500687091027050800000000056800010342001942000460830009304268910010003008008401503,0
627001384040070021189200070460050000700420860095107432050602000916005048270900653,0
007950803819420005003006009070200000080000000602000000004002001006375002720100006,0
700005480000000600300678120000004560098061234264803000800400350403086701610530042,0
918034067300867912002000308509076003000490850206380090035028100691703200827041605,0
109000005000010000000067009001000000000100000002305007000700080270900030300008000,0
050000000060001400010403000000000040040008001000200506504802010090005020028100000,0
080003005043000009000500803030020608800067000000358000906005080070910006000000000,0
891243076000076921000501000310029800958100432000058719169705048082014053540682090,0
198000650600050430004786190426500070000607240010000586000375000345002009007094060,0
340070021700005380080302506100024865060850010090760032072400000453006107009000048,0
918400056054708001700005030003094605040580000500000040091000028430000900000009000,0
007900480080032070040768129460000010730204500005671200278049300016050000354820701,0
000003675000080000000950000095607030001009568000000000070094350054062791910370840,0
000002075000105403050008020009060234170900000006003000800000000000080001000030042,0
267915483453060109809400070080601234001294060042503917090307042708149000000000000,0
030006201090243056600000804000000170710000080009160342207000560061000400040080000,0
019243700267501830053006090905007302371409685040308009708910063196735000504002910,0
043786109000051403080400670000617034400000907000009068270190000350062000000005840,0
300000001080302050700095834200050009000000000000004005053086000070400060000030408,0
627915008503768900180030560002583091700094850805671400910000004070149635050806009,0
000600902026005040900002500000000020037900050064000001450206000010500080002000030,0
809430056060015830050700090071000685000001040640003070700009063000820000006307008,0
908002070054000000000005300046053019003924005089061032007009000405086100091030040,0
027000000500608100100302670095701234031000560402800900906030042278009050300080000,0
018340605702105480354070120589061234006053900100924068001007040807000356430280091,0
350687001008024076760059004170940805240000010580010030600070240800400053400068007,0
800002605200915480450068129000290560600500910000600234096050802034020001020109300,0
043000901000000000009200570700020060062350000000100400000000000910005000000910600,0
108403760672051000504080219710209650059607324426500197207004030000800901900370402,0
091243657405076102206001438307029580000058070908167040069035824782000060503602700,0
305000901000510300000000576590100032204300719100400000019000248050000090800040600,0
300708900008000560000900000000000000246083701073004050820040000400800000600000204,0
600951408100400607003700192700009500005600040400030070270100000906000000300000010,0
000076100600090000000243600090007000000308010031029568016035802054682090000014356,0
005080200081304056020000804130900000098016000000035100000090000000500408053268000,0
040867100726510083901204600204380010500100034000402560619053840802900356400628091,0
000023067350700912702901000206030091500017420073209006691075084035002109807100005,0
890203706435070290076000000000050170300400600008000040000730420700000063043000000,0
072095030034000190098302000013024080059701000006053971200409305300280010060507800,0
000500008430000002800200057624008070900160040317020506000735820503082710702914005,0
000234675702019483300007129009106230240005007003492008600003040807900350405608700,0
900000000700090000300000900030429805000000009008000430050080000000005000070000603,0
070050800005006000001400700000000000000030109008000300000000008782000060003060017,0
009040050450006190067091400000167043042308071371420586030602019090035824720904305,0
000091003081003075040876009004358000098007234000400068872004306019030802400082791,0
002090438000003607504800100000100240000009086006308901001005020287914065305002700,0
918204000004867291700519830089000300173002685006385000000041503005600907691753008,0
900300600340078100726195400264850010107924008090061234010500840070010356050286701,0
000400750400000201007950804000607300640500109000200000190375400008094003000800017,0
345807901720019080080204070130402060264300700598076402609700208872000600400628197,0
200000080010420075003780109040500910371200508000607234100370040728000350530060701,0
810000700067015800003700290000090005600003009900671342534806907096000000720009560,0
450600000060095800810340705085061324000900008640850000020000506000006070100007402,0
005800090000090000000000050100400500264008000508000200400000009872000000000005000,0
000060000081002500000005084008001402000000000000003010000000007000049003600350008,0
030706001200000800090020000620008109307049000008000000160075408000094560000060010,0
350008010760900048900432507589670400046503700000290800090050280020109630000020109,0
276001403435706120890400675007240560908017030024508910080004006000070800043802701,0
300000902000000300000003000008010000007240000260008000002004000053800009000005084,0
000678001002000000000040000040000710009761000073000060000500040020000000400286090,0
700000008004000000000304050000040006000016003006005070090500800005200719020000065,0
007900300543768000089400500731090800060500701805001020208149035010307004050026079,0
206105400430000029890040075908060030004800907307900008540000700782409000069530000,0
109004000620010040500000000800000020060000000001400000000600109008001630000003200,0
300060000910030600000910003100090560580670004046083007820000006030826000000000802,0
901432600345000090000010000200080071107004506000001243003800000000357820000000000,0
760915308354708010918030560070290800000083701089070003035806109690357084000100635,0
700001438340876102080040657200350970008167040107009506072910300619035000003682010,0
000000043000006219019403700000000000002500000300009658000000402504060900008104530,0
008430000000000020060905403006500017003094008509000204007100006000007000030026000,0
430060291090004000000010804000090680620305179050000000082900000040000907000050408,0
540687002620059048180004067800706400030042856462000700916503084050260070008491635,0
600001040109000060040076002005100003030029000060058001000700000004602000000000005,0
100402005007900000000000200402500000000004008005000300000000480070000500000820001,0
800204670005000009276019483958076030007090000000385910060000040002940000503628701,0
034060001072010034100002000800600040026000109003200000045800900000007420087049003,0
500700120108000000600005080703000500000080010850000000000000000040820700000100000,0
002010840018402005350760000509070024100294608246003107000149030405800070091307080,0
000001400500706100190023600013040000000038000000000000007004050040000090900300000,0
008020657534087190600150438420030901010942006050010040080091060300260019061573020,0
020000008003006002080200060001000800000000000090000000000004630900000084300082109,0
260905048453060010000430567600503091000670003301290850720140600530800079006057204,0
007109483000024070450607120301900568905716230642835007100000040534068700028490306,0
901023567026951308000086912137049050060030790598000403870090630450802109000375080,0
300068910010402067760910048080070000000080000100000800435806109691357080807000605,0
530876020672501084198040576800167400710009865000358700207904653001730048005600097,0
090000006035870091206590000000000000008107302004300000160000428543002000002010500,0
340700020006950400080400605000530910107000500598000030600375802070090356453002090,0
500000010189002560000190340400003091031000800005700400910507000008400005304000100,0
345006000006501800981203750260350170590060000000029600609005408003080010872900003,0
000087000000100040080024060460005700001900850895716403016003080300260079078491005,0
981403500045700001006051084060530019137209865508610432450062107000090653009305240,0
900200576040807921000009380000170432007400065060080019403028090019000200872941050,0
020001043345000209901200700007009058204358097098060324070000006609005002050602071,0
000000000000000000002090080040050917000000508000000004820010006030082701000000842,0
003800290100203756000590000400000100000060000030000680208900500910705000050080910,0
270100000030000900001040000004000700000000400007904806000400005000500084003200070,0
000020560345687910726050308090716400137002856204005000000503084802490605453068100,0
080403670543706020027051400005017204460538907731209568906305000300000090200190356,0
109423675043786109007900403730240060090607200460000000078104300010005002304060700,0
006015084005000000901400000130000005260580710000601030610307000000000650000000000,0
189040765043876200020590800001420008890107320000308007916705482200004536300082971,0
800342560006195008405670902307900800004850700900760020109507084080019000040080170,0
020005008540008910109430567460580000001004850805001423078149600300000109906057284,0
980004670345807020706500483107490068008070204264005900019003000002901050450008090,0
004786000070000000000000005000030000000040008050007234300002000087000356900070042,0
000600920000002006276000300000904800000760030600000000780010050043000000000530040,0
809042576050078001000090084005000430000924005040850010534206190028409053196530048,0
030800010206500348801040507007400856604058001908167003540682100702914035169730284,0
500076029027090000180043670800107230400008007731400060006005042354000790208010006,0
000095040100000005504070200010020000000000100809760324001507000045206001000000500,0
800423067405086910000950300000040050058610400620530700700190635540862009109300000,0
720000040005600200900040000000060304100000000000000097450006000010000480872400006,0
027910483503060029000032070095671004002080917000200500278009350016050002304000790,0
200500000400806900000043567980100003040000790001009050034080000100730080008000000,0
035070902891243067206500308010029806604058790008107023543600109080004035100035004,0
534000290198324756072059804009000042713942685006830070000491563000570028045068007,0
080024076000000380503080021731002060890710430400835700008090600910573040004060190,0
530807000002009480098234670859070030003000560000080000000901056305600090000000800,0
720000403980003605300086020500007004200508910030049068450000091010000002800000000,0
001002070005708009000015000004003000037200008508671234000006091009007040002100056,0
000230600400000029000000083000000000000002000042300007000700800708040356500000091,0
062001830004800290010243000589100000040358079003400085807014560690000008005000917,0
010034000060500008004000000070090500009006000240080070000001065035608009000703820,0
304876200000200000762000803000400008009007024206000000030600000827900530691735082,0
000000048400607900000300567000010000000040000000000090080400600169500080040000000,0
304800091700001000010203000009007042000350070000420680000000917600005008000900563,0
762501438354876002900200657589060043006058970103420080000910305035680009600730024,0
000002070000000080500000920000500000009600400713204000087000003060350040005020100,0
810000000200010830400060091370204000640500179900071000000000008500820907020140000,0
070510400090000657000807100059006200700400000020005900000000065300000010960703824,0
503067002020019000180030067890106023701092006060085791350620170916053204278901635,0
062150834910020750054080090589010302040035000073002080000091563005260907090003028,0
020005000080000500340008902100024800590060400000003000019537004872000000000006070,0
010040060700090340304000000206350000009000000003429000000904600405080070000035000,0
040000291080243000627590804462050100005107002701009685916035000050680007208010003,0
530600000098042060600090000000853100009000300703920650040006000207409030901500080,0
000086920090420506206050384000500019050010432007000805169000008040002090780094000,0
030070000602090800098000056010920000809000342000850070000086017080400063001007000,0
100004706534087291072150804850000042006830000713042005345268900200400560001503020,0
600590080090243605504000000020000007700409000000007004087010050000680791900705000,0
891430007006915430435060090007094500000000040000080971000007020040800000700149365,0
098000500530006020072591300400000700050067030703400865061735248345602107200004600,0
800000060206005840000670210000850090008760024317020608169000002002410000000086901,0
000000300000076902800000000300400006600058000958107400000004005000000004003600009,0
002015300008002576300700000509600030003204865246080700807049003000357248005006097,0
800020050006000438035087102004000970317040006958706003702001065000208709069503004,0
000051083809423000450700009000000000042000907980607004100075002000800790000090356,0
003000001809000076060000004602000000300042000000700002000500200030200000700490650,0
080040056627501030000000001730009005402300000005000300000910500000002910000005020,0
800304567400080002276000048950716420017040000604830090109503204782491635543208009,0
000000000500078009098042705050001020406800000710020600287000006340006900000007402,0
810030070050007020207000003985070030600080010001090568004000090100700840020001000,0
000000192091200657000090030000050970000007040010400500100000000543600009080010060,0
620195348189002067500608900805761400030924000462000000278010030004206009006537204,0
080003000000000030040870000000000005090000300064300170002004000610035008000080900,0
600009000543687210109024065701940000002830007090010324916070402054000970278091536,0
340670900000300007000105308500000400060000790000000006050206079019507080072019005,0
002590038030800100008200000400308000800000243013420500087900360045682710900705820,0
043600020080300000000059380000000030030002000062030000004000000070000050006000208,0
050768100000000008809402050040003000980000043371204000530000009700040005096007004,0
453800020200509483819030600640380907300490568005176200728901300100750802030028791,0
000706009810423005060900843985010320000049650040538190100375400500860971008094506,0
000090308819040000453000900602003000905061403070000806700010605190000000030086179,0
607109800109024060040607019095010020402800090030900050300200971278401036906070482,0
000402650300760090062915030246500900009071203073004080001007820000109005030006709,0
809000000060000300003706002640030001980600020000000856000802100106000004720190605,0
019000576403680020000009300000000060000710432642835019534208100000503048720401053,0
072059004004087200000000706400835079800700300003040605045060907961070428000001563,0
405070090090342706270105034307020000058060040004000070000037000082400060543086910,0
000100000340678090000040000100904080260000000090701340600500020072400560003286917,0
000000020700915080908030005070000000000580000080070200007140006000000090600050840,0
260500080009040005000070100085060034001029000602000017020904050000002701100000802,0
060590438354006000008200007103000080000000003206000000001000000027900000035080019,0
762005000300070009008002075580061234000000008206050000091500000000000090027400306,0
500006000007001400009000007095000000000400000402350001270000005004002000910000824,0
500008102670010400090032657400000901000670240000094586087109360305820700000350820,0
001000060030070200006500803000000008004000007900067304060000080000000970700910000,0
726091003980243065305806210098100324000308107030009008872004536403602901600030080,0
000200000030060009270000000004080000950170004300090000000050800003000001080901300,0
027019003540067210080034760460005107000070000730490658050608070070001030916050480,0
076059300000087900890304560058700000624030791317042856002000630000003004043208000,0
100042070504078120600100403700924000809700234026800910901537002007409300340080091,0
800320070200000403435087120950700204600835000317042568500208791169573802000490000,0
543006020027950400000000000000530000800607030030040000278090000910000042300002001,0
090300605070095480030070000017000060600000917008700000169007000500280091700400356,0
030006090670001800098403700059600342006538100003009600087004003000075400345002910,0
340700001720950034981423000264538179007240680000010342000100563019075408453062017,0
007009080000007000100000006000100000000000800400305710008940600000000248050000007,0
089030007003807902027010340001400000000000000895170000000700004000940030304600009,0
354080192702900438008423657000008971173209506089610043001375020807104060035802000,0
070951034098003756504000001850617002013040685400508100040062907960370028007104563,0
810300607207190438403078092900701203370924080002803070700419005534200019096537804,0
500000010000030060672005000059000000703094056020083790040000170200100005000000084,0
503076109080040600607090480030029508000167034002358900070910056010030040004680791,0
080324065026009803340687000037900608598716000204805007050268001800090036619570402,0
000005038030068092000430000009671240006503901700204006345806700200040305961300004,0
000003506700500380300000901080067430046000000000020060001000000000000000035602000,0
340080921720950300001003076500600032037049865264008010802000603600070008453802100,0
304076020008203000702000084070420860089160402240300700400002097090735248820910603,0
400807290019200756207009030001492600985170342040000079196700008720900060000608910,0
026050304340680001000300570000042865598716432064830710609570208403060007800090003,0
050600000200059380010304506000710002042030700070940005106003240008490053530000090,0
020009840001000060305000000000090000000300090500000000610050082000041530000608001,0
090304000000000004534080090703900600406800100000006000200090000005000900001000000,0
627159080503680901089324070460835719000016032731900800008000053350008097006073040,0
345708201720900804981032050260580170007000000090671302000009000003026000609057428,0
726509000900230570300807920064305719007090060590106432003008197872941050600053048,0
276915000400068091090000000017004680050600340004580179782149060503006017109000408,0
000001000980400500045700001060500000137209005508010030800104600000000000009370048,0
720159300900320500005000920064030700590700002137000065872401000600070240400200000,0
000000300080000506003006901000000010895007002730429005900000248050602007008000603,0
090000765000051000500006000000000000010240050059000000007000000060070400000860900,0
400070000801003060070091040620050700050000403017000806000600179700904635100700000,0
019000006053670001200195300640000009070904865900760430096007208000400603000280090,0
108204705500807019000519840713090608850176004400300090045608071080900506961753482,0
901000670006005400005000029137904568090760230004000907000000840000080790872410000,0
762901034908400006300086200003049005006530170580607000035800917007000560601375028,0
054867201900230056762010804589000042040385100003490080400620007690053420800900063,0
019042007267105008003000910071904800642803090985000420728409635500006109096537000,0
026905304901430070305708921064080019000204065098601032002040600400020000010300240,0
627950408080400600043006102090607003462508900731009580270194305006300820354800709,0
072015084000068000008000000859601402400503009003000000345820000000000650061000040,0
108400007072915008500060010000094000000580091850001403900007284305826009087109600,0
200000000810300000050087190070940006640805000905006200008400360534268000000500020,0
035678201091042750276100004620853109300000600000060040100037000000000003040000907,0
000708291006010004890402006004000079317200605058001042003000007160007028702040563,0
000519000000000600004067092080076003206380000100090580000000005600050820030008000,0
000040650070591030000800102000000900010400006908060000000010305000600000000005800,0
004008100670190080090002000010020068000800017000060000060507002080000000005006091,0
000900340050008000000030000100000006500000403246003000035820000820000000600000000,0
070195800891302756030608290050761000010024600020050170169507000780409500500080010,0
900040567000090040300876900170000000500007003006300090091005204005080000827000005,0
002900483004786129000420000000030000103009500580617200600005800000800790000090300,0
000010000050060010010400065080071300000000007300204000000000900096057080020000036,0
060500304019003576050000920070420000000300710905167030000705008008004600034082107,0
030608109076005403091040675620853907000700234300024568702010300160000842043006790,0
091030600206519483435060120310492560908006204620305917543620000782001006109000002,0
762100480004607029000004075046830910173940068080716230091570840430000700800490056,0
000230705760510843004060219103000608009170304240080007807900530405608901690003482,0
000000120900004000700010083003002008580006230040300910001700840820000056405028091,0
200051003005006000801003000908607004000000000017000000082190000040002000000070402,0
700501000001200576040070020008000400060308019130009060019000000072904653400600100,0
070001003000876000091040065317009000000308000900067024000000900000000000782904000,0
543006921000243506607590004805067402000308719731000800078900003010705248304682190,0
276009040000004000430607019000040008008000000024035107000000006040000071100500080,0
270519034000860201801034056058100042307492085020385079160700020782041503043008010,0
005006102070950000091020600000008000007000500958000240002000000040062700069000020,0
304000000760059483018304675580016000246835907070940560405200091000503800807401306,0
020090000009002000000600010090060000730000600002000000054200071008000000006537080,0
000900834040786000081400700500017340030009005204530000009070000872104063400060017,0
000806000620501084009003500001409005402350719800060432016705040278014050050082197,0
010400000050780021060900080006508009173009005500610432090000240807004650405802097,0
020190000901002005305008120000004008064050900098761204070409306600037842003206091,0
900020000760000030300080200000900005509000040000000100000000020000090500005208910,0
060015000810430006403708901905601030370294005600003009020109050534000100006350200,0
005000000000900000890000700004030079958000000007040005500060000100005000700100000,0
350680200062150843910324000580016004246805007100942008005008071827091536001503082,0
000304570004687921000059300009010002710000000026805700045200100080491050960000248,0
000005000034708092098000650400003970710000506050000040060350820280100005005000000,0
009000067027150048000600902460800091701040056895700020000000605006073084004208000,0
400670902270005300000300007010020806620803000900700000002019605160007000000006009,0
000002750006000000005708000598601300130204600000500070009000428000149560050800910,0
060100000400000000800302000000020506602050000000060003720410000096000020000000010,0
900240000000091003045876009264358107100000658008007300009005482872904036450680900,0
800003060267000003450006010985060304000008007071000600090700402000914000500000900,0
000501800819003050053076200000000100000029685900160300190705028030002000008004000,0
706050408345087192981004600098710203260800970037000500802491300010003820053208719,0
081003070300876029000091000098107034264000917107400008453000091002014350009030842,0
000100040000002760030070210017900608600000197050701004043080900000007402000400030,0
020010030001000657000008100200500900030000506000001003002100060003000010010307000,0
000000000670000803000004060006030100010900000800006300000260000060570080080091000,0
720001804340786200081003706107249685000617302264038170050002907600005028072194560,0
050008210000000000267000000000000008002000100905700004006500482000080000000409000,0
800320006200050084400680021900706430000005010010002000080090000069003248000060107,0
020591008000240000345076902008000420037020800064350791800014030003600170600030204,0
270000083405600009090302005604000910000000034000904000040080000000000300060007040,0
503067092109034650027009030731492586805006043402080900000000365000750020354608719,0
089020500500087002600100000000006020400030701700902000000060179000400030900070000,0
190340005002005800030608009000000197710020658800700324000030402000409500040000971,0
000000080403000900810000570301942865080710030002830000000268007090000008028090050,0
300000000706010000000204000000000000598000204007090008000008000600003042072000306,0
500080000180020050600001000062000009000010300000000080278000000000370008000060900,0
530687010602159340100320067009006403406835001713900800060073284087490635045208100,0
004780002000001000090000500000000400013049050000000701080190600040002000000300084,0
000905000350708000000430006170004000200003000000000432000000197691050000007009053,0
600000348534700902098403567013049050000530790009010420060005280207000035300802109,0
000670091980300050000095800130924000598001302060803100070409003003086010609007020,0
400000010800000000200000000042058000905007000001009008720010000030000970096030080,0
008234007000510340504860000000080700809070000000090056961703000300000100007901600,0
006009304890304500030607900024005709000000430007000065040200000069000248700090050,0
098200075504876129602091080013429000000350910809067230340602701001030000087014056,0
190000005504086020672951400000000000809617200420530017900070000207090050000060791,0
189030506543708920000015304460083010701294805890070432270049653054806090006000040,0
720000000080040756000000000100004600098001000260003079610007420802000060003000007,0
091432500270900308030060000624583000000000003017294850160007004080040600003806170,0
180423670003786000020951080402000907800007034731240068000000006900000042350860090,0
000002000070100300030670910007904000620800001000060000160000280000000005003200000,0
540000102020091400100000000062000001000429006000000040016030020278010005004002700,0
060000008908023657000086100589000003173000006000038000020000300035002009601370820,0
607001438500006002009000007460000070701040586005610000000800710270004300006370000,0
600910080198030576030760001859600000420500019713004860000040003001300008045026100,0
007590000189200005000806020895007000062008010031420500078910056006730040304002701,0
762109080018300070304687920240005010103942005089000432820091603400068097091073240,0
050700920002915380900002076240500700103200065509000002691057000027000000405026007,0
000060291000200006700009000000000000004000100007000080009750008002940060003000000,0
019400567403008912200005000602083791001204006985000020004800079000307284020000005,0
007009084809204500050000000300000065640080009905000030000620090006000240028040000,0
000010843000760200090000065400000000850600320013090000200040000040000000000000080,0
070500000004070000098043050009000042000409000000008009900730420000004000000002900,0
276905840001432760400700209950670304000580107017290608043026971069350482080040006,0
200900843091030760400000200908001000024080090300200600080000530100307002543006000,0
009004075000019080003007000000106000370000508042300010190700042000608001028001050,0
702000430000000050000000090009010040040030070100000080000208700091500000000090005,0
081200056026001804000070090100029685064058009008107042000705420070910500450600907,0
053680010019300700260159040602030100085006020071002008096500400008000506534068071,0
005086019070900043091023760017209600958607320020538107082094036100370082540862001,0
702591843008043765050070219080067024006050190103429658027010500035682901690000402,0
760000830350600291000004706073000085246000000009000040601073008400060907027401060,0
602501084100203000000070921026058019700409060809107000960705040000080107080004650,0
000000000000000001070000084809060002703000000400058700340000100961000008080000653,0
403000010000500008010200060085107400002000000000000850106000200500000000000004635,0
080302570305678001000105384508761000030000860060000019802409053619537200453286107,0
819002700207905000000768291005071342301290085600080000034820017190057428708140563,0
819430706207010804050068091900671002371200085042500179530020010100057428720109000,0
000008012000000308010002500080001000000500000001090850008000035500020100106000084,0
000501000089003607000006092062308970001009500005067200350082019208010060000035024,0
530007010190024000002009800000805190000042608850700300200400030060003000340000070,0
700009004040867091901234700590170040000492000064080109000000408400000910000000003,0
304080000008400700000050040000600300000209608000008000800100006035000000090000080,0
403006000000003050000000000080010000001040085000500070030800007000070020020094000,0
050806102702001000900000000009000200100420000200300901030680719020910300000735000,0
530700900670001304090003000000009865006000009009017402961375200005060100287104653,0
000034007067500008400867002080006000370090006002005900000000305100000020530628700,0
600015840108000700000700000400503090003094000000070020000000000001007002000040000,0
270900843890000060400786219020500090900000020017000050003002000702090536000300080,0
010000600067000400050600100640005900085016040301000080106003000530068010708090300,0
000004050000600200070009834000700000000042680600000000000000010100500028000090503,0
400780210890003060270000000000017004000500107300240650700104006540000970000000082,0
900000007720109300345607900260800790590710403037000850019500200450060009872001030,0
910023060762900840050786000589007024046038097000000650027190500435060970690075000,0
000004000000060000200000400000002500002300000085076004720040350006050800500008090,0
890420760005780209006900803050617304317000058620008000002000006543000901109305082,0
000200570000067020000500000600300710071000800005000030000001653196753248000020100,0
620159438540080102080324050002830901731000500895010240906003800070090365050008709,0
004060201190000050000009004009100000020000079703090085045020900000700008007000500,0
001302675035000109076195000020053917950001234010024508000000700009500042000410350,0
000304500060000000054000921000000700073940000089010430000003208435068007027001000,0
435000109001003600206950003017000008950000034000000000069375002700004050500060001,0
000004060000087000067100340602005001085010020001042000004200100000091030096000080,0
018432500062915380050060900000004800200080000000670430430020190091300048800040653,0
040000090000020000006050008508000003007000000200538071000060710609000804070190060,0
350080010700009040910304005170042008580710004240805100691073082800001006005200071,0
304080201008324700702100830589700302173042605246005179007491563090570428000060907,0
702159038354080092010304657589710040046035901000040586000208709090070824807400365,0
000000657304680190002100408089710240240005901073900086807001065405268009090503804,0
089000000500078000000100004031900060400003000800060002000086097000007008000009000,0
000010800000007290801204056000006340310000600624005170782000063000628907160750000,0
405000910276010008091204060007400850004380001950100423000000280780901000543628170,0
080034000027510000503000000730000856400305000090006420910000000070901005300600170,0
043687900607000008000020007800006400000942800060000700004208009000003000070001605,0
200059800035600001001004006020005079950710342017042600780000563160073400540000907,0
000230005000000003040000000895106024002005097030002000010753400270001036000620071,0
050080000000000000800304000000800900301040080000716003020000005500000719000000000,0
035000290090200706270009030307092085058000042600085070500620000000003000782000060,0
000320060002059803350080210206800190100000050009010304800490000000003400000200001,0
000000048400068912801030000007000000000601020020503001780100000069007000000820000,0
206000080405008109091432600017000008624083007900070004043020091100000040780049350,0
702001000918000500300000000000300700080100000070000000000004600400600000601000204,0
435760920206015304890430576024503019050600032007090865080149650043000007160350048,0
000400005702000843004706200170240608200508090080600024690370402007100000035000901,0
540070921000195300000042006402053010095700002001004860350286100906037048070419053,0
009300765543687000620059043731040650400005190005006024910503080054068901070490030,0
700000030081400000045086000004000901030209006590010240450062710000375000000094065,0
760010000000760100918002070173000000200080000009001030001050042020049000035000090,0
726090040080203765345006219508067004260000000100429008019035482872014000053082901,0
100340005543078129607105483002050010800760234731924500916507040000000056354280701,0
054007001010034506760000084089176400000490060200080010430008107091700040007900653,0
800043507007090340050806012301009000600058791080060020720914600096735000530002009,0
430870291276001830800200006058007340604050079017429085043602917000730420782014003,0
300000000702000030008000607000003001580600003003090000827000000000307800005006009,0
008432076000700021702010304100200000580071000246003700007109653691350248030806107,0
000780000000020075000000000037200500090010000060000000000004050600300800053000701,0
003087021109320000020009304095706400060805700000002860008400053000073240350068190,0
070000008000607002800000007000800001307040806050010003100503004700000605040000000,0
000159308000320507000687002260035790500710020007000050872401605619570200400200100,0
003060009000010803800432000000083000905600000071004000000800001700009000000000000,0
607000000000203007040870000805000003700400006460000090004002009000910000900005004,0
070500308001243560400800000008007000600000700000400800109705000702900035040600009,0
600000840100400700000786000000610004060000000001200050910305082000000901000090006,0
